{"cameraMode":{"drawMode":0,"name":"Shaded","section":"Shading Mode"},"sceneLighting":true,"audioPlay":false,"sceneViewState":{"m_AlwaysRefresh":false,"showFog":true,"showSkybox":true,"showFlares":true,"showImageEffects":true,"showParticleSystems":true,"showVisualEffectGraphs":true,"m_FxEnabled":true},"in2DMode":false,"pivot":{"x":3.349963903427124,"y":-11.050728797912598,"z":-52.3778190612793},"rotation":{"x":-0.17930756509304048,"y":-0.017118878662586213,"z":0.003121571848168969,"w":-0.9836426377296448},"size":32.23281478881836,"orthographic":false}